generated_at_jst,checkout_id,rank,packet_id,catalog_row_id,title,price,amount_usd,amount_due_usdc,network,asset,receive_address,usdc_contract,buyer_reference,direct_checkout_url,offer_url,structured_form_url,order_board_url,payment_route_url,monitor_csv_url,proof_monitor_url,status,money_confirmed_usd,proof_rule
2026-07-05 13:57:49 JST,BUSDC-OSP-20260616-01-STATIC-DEMO-SITE-CUSTOMIZATION,1,OSP-20260616-01-STATIC-DEMO-SITE-CUSTOMIZATION,central-static-demo-site-customization,Static Demo Site Customization,$200,200.00,200.00,Base mainnet,USDC,0x1D3A2aeFC9848847cA938e59A66b0218e0771C5b,0x833589fCD6eDb6E08f4c7C32D4f71b54bdA02913,OSP-20260616-01-STATIC-DEMO-SITE-CUSTOMIZATION,https://jaxassistant55.github.io/jax-micro-offer-studio/base-usdc-direct-checkout.html#central-static-demo-site-customization,https://jaxassistant55.github.io/jax-micro-offer-studio/static-demo-site-customization.html,https://github.com/jaxassistant55/static-service-site-starter/issues/new?template=ready-to-pay-static-service-site-starter.yml,https://github.com/jaxassistant55/static-service-site-starter/issues/1,https://jaxassistant55.github.io/jax-micro-offer-studio/base-usdc-payment-route.html,https://jaxassistant55.github.io/jax-micro-offer-studio/base_usdc_payment_monitor.csv,https://jaxassistant55.github.io/jax-micro-offer-studio/proof-monitor.html,direct_base_usdc_checkout_instructions_ready_no_payment_confirmed,0,"Count $0 unless a real buyer accepts scope, sends the listed native Base USDC amount, the on-chain transfer is matched to the buyer/order, and there is no refund or dispute."
2026-07-05 13:57:49 JST,BUSDC-OSP-20260616-02-STATIC-SERVICE-SITE-STARTER,2,OSP-20260616-02-STATIC-SERVICE-SITE-STARTER,standalone-static-service-site-starter,Static Service Site Starter,$200,200.00,200.00,Base mainnet,USDC,0x1D3A2aeFC9848847cA938e59A66b0218e0771C5b,0x833589fCD6eDb6E08f4c7C32D4f71b54bdA02913,OSP-20260616-02-STATIC-SERVICE-SITE-STARTER,https://jaxassistant55.github.io/jax-micro-offer-studio/base-usdc-direct-checkout.html#standalone-static-service-site-starter,https://jaxassistant55.github.io/static-service-site-starter/,https://github.com/jaxassistant55/static-service-site-starter/issues/new?template=ready-to-pay-static-service-site-starter.yml,https://github.com/jaxassistant55/static-service-site-starter/issues/1,https://jaxassistant55.github.io/jax-micro-offer-studio/base-usdc-payment-route.html,https://jaxassistant55.github.io/jax-micro-offer-studio/base_usdc_payment_monitor.csv,https://jaxassistant55.github.io/jax-micro-offer-studio/proof-monitor.html,direct_base_usdc_checkout_instructions_ready_no_payment_confirmed,0,"Count $0 unless a real buyer accepts scope, sends the listed native Base USDC amount, the on-chain transfer is matched to the buyer/order, and there is no refund or dispute."
2026-07-05 13:57:49 JST,BUSDC-OSP-20260616-03-LOCAL-SEO-GBP-AUDIT,3,OSP-20260616-03-LOCAL-SEO-GBP-AUDIT,central-local-seo-gbp-audit,Local SEO / GBP Audit,$175,175.00,175.00,Base mainnet,USDC,0x1D3A2aeFC9848847cA938e59A66b0218e0771C5b,0x833589fCD6eDb6E08f4c7C32D4f71b54bdA02913,OSP-20260616-03-LOCAL-SEO-GBP-AUDIT,https://jaxassistant55.github.io/jax-micro-offer-studio/base-usdc-direct-checkout.html#central-local-seo-gbp-audit,https://jaxassistant55.github.io/jax-micro-offer-studio/local-seo-gbp-audit.html,https://github.com/jaxassistant55/local-seo-gbp-audit-starter/issues/new?template=ready-to-pay-local-seo-gbp-audit.yml,https://github.com/jaxassistant55/local-seo-gbp-audit-starter/issues/1,https://jaxassistant55.github.io/jax-micro-offer-studio/base-usdc-payment-route.html,https://jaxassistant55.github.io/jax-micro-offer-studio/base_usdc_payment_monitor.csv,https://jaxassistant55.github.io/jax-micro-offer-studio/proof-monitor.html,direct_base_usdc_checkout_instructions_ready_no_payment_confirmed,0,"Count $0 unless a real buyer accepts scope, sends the listed native Base USDC amount, the on-chain transfer is matched to the buyer/order, and there is no refund or dispute."
2026-07-05 13:57:49 JST,BUSDC-OSP-20260616-04-AI-WORKFLOW-TRACKER-SPRINT,4,OSP-20260616-04-AI-WORKFLOW-TRACKER-SPRINT,central-ai-workflow-tracker-sprint,AI Workflow Tracker Sprint,$150,150.00,150.00,Base mainnet,USDC,0x1D3A2aeFC9848847cA938e59A66b0218e0771C5b,0x833589fCD6eDb6E08f4c7C32D4f71b54bdA02913,OSP-20260616-04-AI-WORKFLOW-TRACKER-SPRINT,https://jaxassistant55.github.io/jax-micro-offer-studio/base-usdc-direct-checkout.html#central-ai-workflow-tracker-sprint,https://jaxassistant55.github.io/jax-micro-offer-studio/ai-workflow-tracker-sprint.html,https://github.com/jaxassistant55/workflow-tracker-dashboard-starter/issues/new?template=ready-to-pay-workflow-tracker-dashboard-starter.yml,https://github.com/jaxassistant55/workflow-tracker-dashboard-starter/issues/1,https://jaxassistant55.github.io/jax-micro-offer-studio/base-usdc-payment-route.html,https://jaxassistant55.github.io/jax-micro-offer-studio/base_usdc_payment_monitor.csv,https://jaxassistant55.github.io/jax-micro-offer-studio/proof-monitor.html,direct_base_usdc_checkout_instructions_ready_no_payment_confirmed,0,"Count $0 unless a real buyer accepts scope, sends the listed native Base USDC amount, the on-chain transfer is matched to the buyer/order, and there is no refund or dispute."
2026-07-05 13:57:49 JST,BUSDC-OSP-20260616-05-NICHE-QUOTE-ESTIMATOR,5,OSP-20260616-05-NICHE-QUOTE-ESTIMATOR,central-niche-quote-estimator,Niche Quote Estimator,$150,150.00,150.00,Base mainnet,USDC,0x1D3A2aeFC9848847cA938e59A66b0218e0771C5b,0x833589fCD6eDb6E08f4c7C32D4f71b54bdA02913,OSP-20260616-05-NICHE-QUOTE-ESTIMATOR,https://jaxassistant55.github.io/jax-micro-offer-studio/base-usdc-direct-checkout.html#central-niche-quote-estimator,https://jaxassistant55.github.io/jax-micro-offer-studio/niche-quote-estimator.html,https://github.com/jaxassistant55/niche-quote-estimator-starter/issues/new?template=ready-to-pay-niche-quote-estimator-starter.yml,https://github.com/jaxassistant55/niche-quote-estimator-starter/issues/1,https://jaxassistant55.github.io/jax-micro-offer-studio/base-usdc-payment-route.html,https://jaxassistant55.github.io/jax-micro-offer-studio/base_usdc_payment_monitor.csv,https://jaxassistant55.github.io/jax-micro-offer-studio/proof-monitor.html,direct_base_usdc_checkout_instructions_ready_no_payment_confirmed,0,"Count $0 unless a real buyer accepts scope, sends the listed native Base USDC amount, the on-chain transfer is matched to the buyer/order, and there is no refund or dispute."
2026-07-05 13:57:49 JST,BUSDC-OSP-20260616-06-NICHE-QUOTE-ESTIMATOR-STARTER,6,OSP-20260616-06-NICHE-QUOTE-ESTIMATOR-STARTER,standalone-niche-quote-estimator-starter,Niche Quote Estimator Starter,$150,150.00,150.00,Base mainnet,USDC,0x1D3A2aeFC9848847cA938e59A66b0218e0771C5b,0x833589fCD6eDb6E08f4c7C32D4f71b54bdA02913,OSP-20260616-06-NICHE-QUOTE-ESTIMATOR-STARTER,https://jaxassistant55.github.io/jax-micro-offer-studio/base-usdc-direct-checkout.html#standalone-niche-quote-estimator-starter,https://jaxassistant55.github.io/niche-quote-estimator-starter/,https://github.com/jaxassistant55/niche-quote-estimator-starter/issues/new?template=ready-to-pay-niche-quote-estimator-starter.yml,https://github.com/jaxassistant55/niche-quote-estimator-starter/issues/1,https://jaxassistant55.github.io/jax-micro-offer-studio/base-usdc-payment-route.html,https://jaxassistant55.github.io/jax-micro-offer-studio/base_usdc_payment_monitor.csv,https://jaxassistant55.github.io/jax-micro-offer-studio/proof-monitor.html,direct_base_usdc_checkout_instructions_ready_no_payment_confirmed,0,"Count $0 unless a real buyer accepts scope, sends the listed native Base USDC amount, the on-chain transfer is matched to the buyer/order, and there is no refund or dispute."
2026-07-05 13:57:49 JST,BUSDC-OSP-20260616-07-TECHNICAL-DOCS-CLEANUP,7,OSP-20260616-07-TECHNICAL-DOCS-CLEANUP,central-technical-docs-cleanup,Technical Docs Cleanup,$150,150.00,150.00,Base mainnet,USDC,0x1D3A2aeFC9848847cA938e59A66b0218e0771C5b,0x833589fCD6eDb6E08f4c7C32D4f71b54bdA02913,OSP-20260616-07-TECHNICAL-DOCS-CLEANUP,https://jaxassistant55.github.io/jax-micro-offer-studio/base-usdc-direct-checkout.html#central-technical-docs-cleanup,https://jaxassistant55.github.io/jax-micro-offer-studio/technical-docs-cleanup.html,https://github.com/jaxassistant55/technical-docs-cleanup-starter/issues/new?template=ready-to-pay-technical-docs-cleanup-starter.yml,https://github.com/jaxassistant55/technical-docs-cleanup-starter/issues/1,https://jaxassistant55.github.io/jax-micro-offer-studio/base-usdc-payment-route.html,https://jaxassistant55.github.io/jax-micro-offer-studio/base_usdc_payment_monitor.csv,https://jaxassistant55.github.io/jax-micro-offer-studio/proof-monitor.html,direct_base_usdc_checkout_instructions_ready_no_payment_confirmed,0,"Count $0 unless a real buyer accepts scope, sends the listed native Base USDC amount, the on-chain transfer is matched to the buyer/order, and there is no refund or dispute."
2026-07-05 13:57:49 JST,BUSDC-OSP-20260616-08-TECHNICAL-DOCS-CLEANUP-STARTER,8,OSP-20260616-08-TECHNICAL-DOCS-CLEANUP-STARTER,standalone-technical-docs-cleanup-starter,Technical Docs Cleanup Starter,$150,150.00,150.00,Base mainnet,USDC,0x1D3A2aeFC9848847cA938e59A66b0218e0771C5b,0x833589fCD6eDb6E08f4c7C32D4f71b54bdA02913,OSP-20260616-08-TECHNICAL-DOCS-CLEANUP-STARTER,https://jaxassistant55.github.io/jax-micro-offer-studio/base-usdc-direct-checkout.html#standalone-technical-docs-cleanup-starter,https://jaxassistant55.github.io/technical-docs-cleanup-starter/,https://github.com/jaxassistant55/technical-docs-cleanup-starter/issues/new?template=ready-to-pay-technical-docs-cleanup-starter.yml,https://github.com/jaxassistant55/technical-docs-cleanup-starter/issues/1,https://jaxassistant55.github.io/jax-micro-offer-studio/base-usdc-payment-route.html,https://jaxassistant55.github.io/jax-micro-offer-studio/base_usdc_payment_monitor.csv,https://jaxassistant55.github.io/jax-micro-offer-studio/proof-monitor.html,direct_base_usdc_checkout_instructions_ready_no_payment_confirmed,0,"Count $0 unless a real buyer accepts scope, sends the listed native Base USDC amount, the on-chain transfer is matched to the buyer/order, and there is no refund or dispute."
2026-07-05 13:57:49 JST,BUSDC-OSP-20260616-09-WEBSITE-AUDIT-MICROSERVICE,9,OSP-20260616-09-WEBSITE-AUDIT-MICROSERVICE,central-website-audit-microservice,Website Audit Microservice,$150,150.00,150.00,Base mainnet,USDC,0x1D3A2aeFC9848847cA938e59A66b0218e0771C5b,0x833589fCD6eDb6E08f4c7C32D4f71b54bdA02913,OSP-20260616-09-WEBSITE-AUDIT-MICROSERVICE,https://jaxassistant55.github.io/jax-micro-offer-studio/base-usdc-direct-checkout.html#central-website-audit-microservice,https://jaxassistant55.github.io/jax-micro-offer-studio/website-audit-microservice.html,https://github.com/jaxassistant55/website-audit-microservice-starter/issues/new?template=ready-to-pay-website-audit-microservice-starter.yml,https://github.com/jaxassistant55/website-audit-microservice-starter/issues/1,https://jaxassistant55.github.io/jax-micro-offer-studio/base-usdc-payment-route.html,https://jaxassistant55.github.io/jax-micro-offer-studio/base_usdc_payment_monitor.csv,https://jaxassistant55.github.io/jax-micro-offer-studio/proof-monitor.html,direct_base_usdc_checkout_instructions_ready_no_payment_confirmed,0,"Count $0 unless a real buyer accepts scope, sends the listed native Base USDC amount, the on-chain transfer is matched to the buyer/order, and there is no refund or dispute."
2026-07-05 13:57:49 JST,BUSDC-OSP-20260616-10-WEBSITE-AUDIT-MICROSERVICE-STARTER,10,OSP-20260616-10-WEBSITE-AUDIT-MICROSERVICE-STARTER,standalone-website-audit-microservice-starter,Website Audit Microservice Starter,$150,150.00,150.00,Base mainnet,USDC,0x1D3A2aeFC9848847cA938e59A66b0218e0771C5b,0x833589fCD6eDb6E08f4c7C32D4f71b54bdA02913,OSP-20260616-10-WEBSITE-AUDIT-MICROSERVICE-STARTER,https://jaxassistant55.github.io/jax-micro-offer-studio/base-usdc-direct-checkout.html#standalone-website-audit-microservice-starter,https://jaxassistant55.github.io/website-audit-microservice-starter/,https://github.com/jaxassistant55/website-audit-microservice-starter/issues/new?template=ready-to-pay-website-audit-microservice-starter.yml,https://github.com/jaxassistant55/website-audit-microservice-starter/issues/1,https://jaxassistant55.github.io/jax-micro-offer-studio/base-usdc-payment-route.html,https://jaxassistant55.github.io/jax-micro-offer-studio/base_usdc_payment_monitor.csv,https://jaxassistant55.github.io/jax-micro-offer-studio/proof-monitor.html,direct_base_usdc_checkout_instructions_ready_no_payment_confirmed,0,"Count $0 unless a real buyer accepts scope, sends the listed native Base USDC amount, the on-chain transfer is matched to the buyer/order, and there is no refund or dispute."
2026-07-05 13:57:49 JST,BUSDC-OSP-20260616-11-WORKFLOW-TRACKER-DASHBOARD-STARTER,11,OSP-20260616-11-WORKFLOW-TRACKER-DASHBOARD-STARTER,standalone-workflow-tracker-dashboard-starter,Workflow Tracker Dashboard Starter,$150,150.00,150.00,Base mainnet,USDC,0x1D3A2aeFC9848847cA938e59A66b0218e0771C5b,0x833589fCD6eDb6E08f4c7C32D4f71b54bdA02913,OSP-20260616-11-WORKFLOW-TRACKER-DASHBOARD-STARTER,https://jaxassistant55.github.io/jax-micro-offer-studio/base-usdc-direct-checkout.html#standalone-workflow-tracker-dashboard-starter,https://jaxassistant55.github.io/workflow-tracker-dashboard-starter/,https://github.com/jaxassistant55/workflow-tracker-dashboard-starter/issues/new?template=ready-to-pay-workflow-tracker-dashboard-starter.yml,https://github.com/jaxassistant55/workflow-tracker-dashboard-starter/issues/1,https://jaxassistant55.github.io/jax-micro-offer-studio/base-usdc-payment-route.html,https://jaxassistant55.github.io/jax-micro-offer-studio/base_usdc_payment_monitor.csv,https://jaxassistant55.github.io/jax-micro-offer-studio/proof-monitor.html,direct_base_usdc_checkout_instructions_ready_no_payment_confirmed,0,"Count $0 unless a real buyer accepts scope, sends the listed native Base USDC amount, the on-chain transfer is matched to the buyer/order, and there is no refund or dispute."
2026-07-05 13:57:49 JST,BUSDC-OSP-20260616-12-CAREER-PACKET-STARTER,12,OSP-20260616-12-CAREER-PACKET-STARTER,standalone-career-packet-starter,Career Packet Starter,$125,125.00,125.00,Base mainnet,USDC,0x1D3A2aeFC9848847cA938e59A66b0218e0771C5b,0x833589fCD6eDb6E08f4c7C32D4f71b54bdA02913,OSP-20260616-12-CAREER-PACKET-STARTER,https://jaxassistant55.github.io/jax-micro-offer-studio/base-usdc-direct-checkout.html#standalone-career-packet-starter,https://jaxassistant55.github.io/career-packet-starter/,https://github.com/jaxassistant55/career-packet-starter/issues/new?template=ready-to-pay-career-packet-starter.yml,https://github.com/jaxassistant55/career-packet-starter/issues/1,https://jaxassistant55.github.io/jax-micro-offer-studio/base-usdc-payment-route.html,https://jaxassistant55.github.io/jax-micro-offer-studio/base_usdc_payment_monitor.csv,https://jaxassistant55.github.io/jax-micro-offer-studio/proof-monitor.html,direct_base_usdc_checkout_instructions_ready_no_payment_confirmed,0,"Count $0 unless a real buyer accepts scope, sends the listed native Base USDC amount, the on-chain transfer is matched to the buyer/order, and there is no refund or dispute."
2026-07-05 13:57:49 JST,BUSDC-OSP-20260616-13-CLIENT-INTAKE-SOP-STARTER,13,OSP-20260616-13-CLIENT-INTAKE-SOP-STARTER,standalone-client-intake-sop-starter,Client Intake SOP Starter,$125,125.00,125.00,Base mainnet,USDC,0x1D3A2aeFC9848847cA938e59A66b0218e0771C5b,0x833589fCD6eDb6E08f4c7C32D4f71b54bdA02913,OSP-20260616-13-CLIENT-INTAKE-SOP-STARTER,https://jaxassistant55.github.io/jax-micro-offer-studio/base-usdc-direct-checkout.html#standalone-client-intake-sop-starter,https://jaxassistant55.github.io/client-intake-sop-starter/,https://github.com/jaxassistant55/client-intake-sop-starter/issues/new?template=ready-to-pay-client-intake-sop-starter.yml,https://github.com/jaxassistant55/client-intake-sop-starter/issues/1,https://jaxassistant55.github.io/jax-micro-offer-studio/base-usdc-payment-route.html,https://jaxassistant55.github.io/jax-micro-offer-studio/base_usdc_payment_monitor.csv,https://jaxassistant55.github.io/jax-micro-offer-studio/proof-monitor.html,direct_base_usdc_checkout_instructions_ready_no_payment_confirmed,0,"Count $0 unless a real buyer accepts scope, sends the listed native Base USDC amount, the on-chain transfer is matched to the buyer/order, and there is no refund or dispute."
2026-07-05 13:57:49 JST,BUSDC-OSP-20260616-14-CLIENT-INTAKE-AND-SOP-PACKAGE,14,OSP-20260616-14-CLIENT-INTAKE-AND-SOP-PACKAGE,central-client-intake-and-sop-package,Client Intake and SOP Package,$125,125.00,125.00,Base mainnet,USDC,0x1D3A2aeFC9848847cA938e59A66b0218e0771C5b,0x833589fCD6eDb6E08f4c7C32D4f71b54bdA02913,OSP-20260616-14-CLIENT-INTAKE-AND-SOP-PACKAGE,https://jaxassistant55.github.io/jax-micro-offer-studio/base-usdc-direct-checkout.html#central-client-intake-and-sop-package,https://jaxassistant55.github.io/jax-micro-offer-studio/client-intake-and-sop-package.html,https://github.com/jaxassistant55/client-intake-sop-starter/issues/new?template=ready-to-pay-client-intake-sop-starter.yml,https://github.com/jaxassistant55/client-intake-sop-starter/issues/1,https://jaxassistant55.github.io/jax-micro-offer-studio/base-usdc-payment-route.html,https://jaxassistant55.github.io/jax-micro-offer-studio/base_usdc_payment_monitor.csv,https://jaxassistant55.github.io/jax-micro-offer-studio/proof-monitor.html,direct_base_usdc_checkout_instructions_ready_no_payment_confirmed,0,"Count $0 unless a real buyer accepts scope, sends the listed native Base USDC amount, the on-chain transfer is matched to the buyer/order, and there is no refund or dispute."
2026-07-05 13:57:49 JST,BUSDC-OSP-20260616-15-DATA-CLEANUP-SPRINT,15,OSP-20260616-15-DATA-CLEANUP-SPRINT,central-data-cleanup-sprint,Data Cleanup Sprint,$125,125.00,125.00,Base mainnet,USDC,0x1D3A2aeFC9848847cA938e59A66b0218e0771C5b,0x833589fCD6eDb6E08f4c7C32D4f71b54bdA02913,OSP-20260616-15-DATA-CLEANUP-SPRINT,https://jaxassistant55.github.io/jax-micro-offer-studio/base-usdc-direct-checkout.html#central-data-cleanup-sprint,https://jaxassistant55.github.io/jax-micro-offer-studio/data-cleanup-sprint.html,https://github.com/jaxassistant55/data-cleanup-sprint-starter/issues/new?template=ready-to-pay-data-cleanup-sprint-starter.yml,https://github.com/jaxassistant55/data-cleanup-sprint-starter/issues/1,https://jaxassistant55.github.io/jax-micro-offer-studio/base-usdc-payment-route.html,https://jaxassistant55.github.io/jax-micro-offer-studio/base_usdc_payment_monitor.csv,https://jaxassistant55.github.io/jax-micro-offer-studio/proof-monitor.html,direct_base_usdc_checkout_instructions_ready_no_payment_confirmed,0,"Count $0 unless a real buyer accepts scope, sends the listed native Base USDC amount, the on-chain transfer is matched to the buyer/order, and there is no refund or dispute."
2026-07-05 13:57:49 JST,BUSDC-OSP-20260616-16-DATA-CLEANUP-SPRINT-STARTER,16,OSP-20260616-16-DATA-CLEANUP-SPRINT-STARTER,standalone-data-cleanup-sprint-starter,Data Cleanup Sprint Starter,$125,125.00,125.00,Base mainnet,USDC,0x1D3A2aeFC9848847cA938e59A66b0218e0771C5b,0x833589fCD6eDb6E08f4c7C32D4f71b54bdA02913,OSP-20260616-16-DATA-CLEANUP-SPRINT-STARTER,https://jaxassistant55.github.io/jax-micro-offer-studio/base-usdc-direct-checkout.html#standalone-data-cleanup-sprint-starter,https://jaxassistant55.github.io/data-cleanup-sprint-starter/,https://github.com/jaxassistant55/data-cleanup-sprint-starter/issues/new?template=ready-to-pay-data-cleanup-sprint-starter.yml,https://github.com/jaxassistant55/data-cleanup-sprint-starter/issues/1,https://jaxassistant55.github.io/jax-micro-offer-studio/base-usdc-payment-route.html,https://jaxassistant55.github.io/jax-micro-offer-studio/base_usdc_payment_monitor.csv,https://jaxassistant55.github.io/jax-micro-offer-studio/proof-monitor.html,direct_base_usdc_checkout_instructions_ready_no_payment_confirmed,0,"Count $0 unless a real buyer accepts scope, sends the listed native Base USDC amount, the on-chain transfer is matched to the buyer/order, and there is no refund or dispute."
2026-07-05 13:57:49 JST,BUSDC-OSP-20260616-17-PDF-TABLE-EXTRACTION,17,OSP-20260616-17-PDF-TABLE-EXTRACTION,central-pdf-table-extraction,PDF/Table Extraction,$125,125.00,125.00,Base mainnet,USDC,0x1D3A2aeFC9848847cA938e59A66b0218e0771C5b,0x833589fCD6eDb6E08f4c7C32D4f71b54bdA02913,OSP-20260616-17-PDF-TABLE-EXTRACTION,https://jaxassistant55.github.io/jax-micro-offer-studio/base-usdc-direct-checkout.html#central-pdf-table-extraction,https://jaxassistant55.github.io/jax-micro-offer-studio/pdf-table-extraction.html,https://github.com/jaxassistant55/pdf-table-extraction-starter/issues/new?template=ready-to-pay-pdf-table-extraction.yml,https://github.com/jaxassistant55/pdf-table-extraction-starter/issues/1,https://jaxassistant55.github.io/jax-micro-offer-studio/base-usdc-payment-route.html,https://jaxassistant55.github.io/jax-micro-offer-studio/base_usdc_payment_monitor.csv,https://jaxassistant55.github.io/jax-micro-offer-studio/proof-monitor.html,direct_base_usdc_checkout_instructions_ready_no_payment_confirmed,0,"Count $0 unless a real buyer accepts scope, sends the listed native Base USDC amount, the on-chain transfer is matched to the buyer/order, and there is no refund or dispute."
2026-07-05 13:57:49 JST,BUSDC-OSP-20260616-18-RESUME-LINKEDIN-INTERVIEW-PACK,18,OSP-20260616-18-RESUME-LINKEDIN-INTERVIEW-PACK,central-resume-linkedin-interview-pack,Resume / LinkedIn / Interview Pack,$125,125.00,125.00,Base mainnet,USDC,0x1D3A2aeFC9848847cA938e59A66b0218e0771C5b,0x833589fCD6eDb6E08f4c7C32D4f71b54bdA02913,OSP-20260616-18-RESUME-LINKEDIN-INTERVIEW-PACK,https://jaxassistant55.github.io/jax-micro-offer-studio/base-usdc-direct-checkout.html#central-resume-linkedin-interview-pack,https://jaxassistant55.github.io/jax-micro-offer-studio/resume-linkedin-interview-pack.html,https://github.com/jaxassistant55/career-packet-starter/issues/new?template=ready-to-pay-career-packet-starter.yml,https://github.com/jaxassistant55/career-packet-starter/issues/1,https://jaxassistant55.github.io/jax-micro-offer-studio/base-usdc-payment-route.html,https://jaxassistant55.github.io/jax-micro-offer-studio/base_usdc_payment_monitor.csv,https://jaxassistant55.github.io/jax-micro-offer-studio/proof-monitor.html,direct_base_usdc_checkout_instructions_ready_no_payment_confirmed,0,"Count $0 unless a real buyer accepts scope, sends the listed native Base USDC amount, the on-chain transfer is matched to the buyer/order, and there is no refund or dispute."
2026-07-05 13:57:49 JST,BUSDC-OSP-20260616-19-AUTOMATION-BLUEPRINT,19,OSP-20260616-19-AUTOMATION-BLUEPRINT,central-automation-blueprint,Automation Blueprint,$100,100.00,100.00,Base mainnet,USDC,0x1D3A2aeFC9848847cA938e59A66b0218e0771C5b,0x833589fCD6eDb6E08f4c7C32D4f71b54bdA02913,OSP-20260616-19-AUTOMATION-BLUEPRINT,https://jaxassistant55.github.io/jax-micro-offer-studio/base-usdc-direct-checkout.html#central-automation-blueprint,https://jaxassistant55.github.io/jax-micro-offer-studio/automation-blueprint.html,https://github.com/jaxassistant55/automation-blueprint-starter/issues/new?template=ready-to-pay-automation-blueprint-starter.yml,https://github.com/jaxassistant55/automation-blueprint-starter/issues/1,https://jaxassistant55.github.io/jax-micro-offer-studio/base-usdc-payment-route.html,https://jaxassistant55.github.io/jax-micro-offer-studio/base_usdc_payment_monitor.csv,https://jaxassistant55.github.io/jax-micro-offer-studio/proof-monitor.html,direct_base_usdc_checkout_instructions_ready_no_payment_confirmed,0,"Count $0 unless a real buyer accepts scope, sends the listed native Base USDC amount, the on-chain transfer is matched to the buyer/order, and there is no refund or dispute."
2026-07-05 13:57:49 JST,BUSDC-OSP-20260616-20-AUTOMATION-BLUEPRINT-STARTER,20,OSP-20260616-20-AUTOMATION-BLUEPRINT-STARTER,standalone-automation-blueprint-starter,Automation Blueprint Starter,$100,100.00,100.00,Base mainnet,USDC,0x1D3A2aeFC9848847cA938e59A66b0218e0771C5b,0x833589fCD6eDb6E08f4c7C32D4f71b54bdA02913,OSP-20260616-20-AUTOMATION-BLUEPRINT-STARTER,https://jaxassistant55.github.io/jax-micro-offer-studio/base-usdc-direct-checkout.html#standalone-automation-blueprint-starter,https://jaxassistant55.github.io/automation-blueprint-starter/,https://github.com/jaxassistant55/automation-blueprint-starter/issues/new?template=ready-to-pay-automation-blueprint-starter.yml,https://github.com/jaxassistant55/automation-blueprint-starter/issues/1,https://jaxassistant55.github.io/jax-micro-offer-studio/base-usdc-payment-route.html,https://jaxassistant55.github.io/jax-micro-offer-studio/base_usdc_payment_monitor.csv,https://jaxassistant55.github.io/jax-micro-offer-studio/proof-monitor.html,direct_base_usdc_checkout_instructions_ready_no_payment_confirmed,0,"Count $0 unless a real buyer accepts scope, sends the listed native Base USDC amount, the on-chain transfer is matched to the buyer/order, and there is no refund or dispute."
2026-07-05 13:57:49 JST,BUSDC-OSP-20260616-21-CONTENT-REPURPOSING-SPRINT,21,OSP-20260616-21-CONTENT-REPURPOSING-SPRINT,central-content-repurposing-sprint,Content Repurposing Sprint,$100,100.00,100.00,Base mainnet,USDC,0x1D3A2aeFC9848847cA938e59A66b0218e0771C5b,0x833589fCD6eDb6E08f4c7C32D4f71b54bdA02913,OSP-20260616-21-CONTENT-REPURPOSING-SPRINT,https://jaxassistant55.github.io/jax-micro-offer-studio/base-usdc-direct-checkout.html#central-content-repurposing-sprint,https://jaxassistant55.github.io/jax-micro-offer-studio/content-repurposing-sprint.html,https://github.com/jaxassistant55/content-repurposing-sprint-starter/issues/new?template=ready-to-pay-content-repurposing-sprint-starter.yml,https://github.com/jaxassistant55/content-repurposing-sprint-starter/issues/1,https://jaxassistant55.github.io/jax-micro-offer-studio/base-usdc-payment-route.html,https://jaxassistant55.github.io/jax-micro-offer-studio/base_usdc_payment_monitor.csv,https://jaxassistant55.github.io/jax-micro-offer-studio/proof-monitor.html,direct_base_usdc_checkout_instructions_ready_no_payment_confirmed,0,"Count $0 unless a real buyer accepts scope, sends the listed native Base USDC amount, the on-chain transfer is matched to the buyer/order, and there is no refund or dispute."
2026-07-05 13:57:49 JST,BUSDC-OSP-20260616-22-CONTENT-REPURPOSING-SPRINT-STARTER,22,OSP-20260616-22-CONTENT-REPURPOSING-SPRINT-STARTER,standalone-content-repurposing-sprint-starter,Content Repurposing Sprint Starter,$100,100.00,100.00,Base mainnet,USDC,0x1D3A2aeFC9848847cA938e59A66b0218e0771C5b,0x833589fCD6eDb6E08f4c7C32D4f71b54bdA02913,OSP-20260616-22-CONTENT-REPURPOSING-SPRINT-STARTER,https://jaxassistant55.github.io/jax-micro-offer-studio/base-usdc-direct-checkout.html#standalone-content-repurposing-sprint-starter,https://jaxassistant55.github.io/content-repurposing-sprint-starter/,https://github.com/jaxassistant55/content-repurposing-sprint-starter/issues/new?template=ready-to-pay-content-repurposing-sprint-starter.yml,https://github.com/jaxassistant55/content-repurposing-sprint-starter/issues/1,https://jaxassistant55.github.io/jax-micro-offer-studio/base-usdc-payment-route.html,https://jaxassistant55.github.io/jax-micro-offer-studio/base_usdc_payment_monitor.csv,https://jaxassistant55.github.io/jax-micro-offer-studio/proof-monitor.html,direct_base_usdc_checkout_instructions_ready_no_payment_confirmed,0,"Count $0 unless a real buyer accepts scope, sends the listed native Base USDC amount, the on-chain transfer is matched to the buyer/order, and there is no refund or dispute."
2026-07-05 13:57:49 JST,BUSDC-OSP-20260616-23-RESALE-LISTING-RESEARCH-STARTER,23,OSP-20260616-23-RESALE-LISTING-RESEARCH-STARTER,standalone-resale-listing-research-starter,Resale Listing Research Starter,$100,100.00,100.00,Base mainnet,USDC,0x1D3A2aeFC9848847cA938e59A66b0218e0771C5b,0x833589fCD6eDb6E08f4c7C32D4f71b54bdA02913,OSP-20260616-23-RESALE-LISTING-RESEARCH-STARTER,https://jaxassistant55.github.io/jax-micro-offer-studio/base-usdc-direct-checkout.html#standalone-resale-listing-research-starter,https://jaxassistant55.github.io/resale-listing-research-starter/,https://github.com/jaxassistant55/resale-listing-research-starter/issues/new?template=ready-to-pay-resale-listing-research-starter.yml,https://github.com/jaxassistant55/resale-listing-research-starter/issues/1,https://jaxassistant55.github.io/jax-micro-offer-studio/base-usdc-payment-route.html,https://jaxassistant55.github.io/jax-micro-offer-studio/base_usdc_payment_monitor.csv,https://jaxassistant55.github.io/jax-micro-offer-studio/proof-monitor.html,direct_base_usdc_checkout_instructions_ready_no_payment_confirmed,0,"Count $0 unless a real buyer accepts scope, sends the listed native Base USDC amount, the on-chain transfer is matched to the buyer/order, and there is no refund or dispute."
2026-07-05 13:57:49 JST,BUSDC-OSP-20260616-24-RESALE-LISTING-AND-PRICE-RESEARCH-PACK,24,OSP-20260616-24-RESALE-LISTING-AND-PRICE-RESEARCH-PACK,central-resale-listing-and-price-research-pack,Resale Listing and Price Research Pack,$100,100.00,100.00,Base mainnet,USDC,0x1D3A2aeFC9848847cA938e59A66b0218e0771C5b,0x833589fCD6eDb6E08f4c7C32D4f71b54bdA02913,OSP-20260616-24-RESALE-LISTING-AND-PRICE-RESEARCH-PACK,https://jaxassistant55.github.io/jax-micro-offer-studio/base-usdc-direct-checkout.html#central-resale-listing-and-price-research-pack,https://jaxassistant55.github.io/jax-micro-offer-studio/resale-listing-and-price-research-pack.html,https://github.com/jaxassistant55/resale-listing-research-starter/issues/new?template=ready-to-pay-resale-listing-research-starter.yml,https://github.com/jaxassistant55/resale-listing-research-starter/issues/1,https://jaxassistant55.github.io/jax-micro-offer-studio/base-usdc-payment-route.html,https://jaxassistant55.github.io/jax-micro-offer-studio/base_usdc_payment_monitor.csv,https://jaxassistant55.github.io/jax-micro-offer-studio/proof-monitor.html,direct_base_usdc_checkout_instructions_ready_no_payment_confirmed,0,"Count $0 unless a real buyer accepts scope, sends the listed native Base USDC amount, the on-chain transfer is matched to the buyer/order, and there is no refund or dispute."
2026-07-05 13:57:49 JST,BUSDC-OSP-20260616-25-SUBSCRIPTION-AUDIT-SAVINGS-STARTER,25,OSP-20260616-25-SUBSCRIPTION-AUDIT-SAVINGS-STARTER,standalone-subscription-audit-savings-starter,Subscription Audit Savings Starter,$100,100.00,100.00,Base mainnet,USDC,0x1D3A2aeFC9848847cA938e59A66b0218e0771C5b,0x833589fCD6eDb6E08f4c7C32D4f71b54bdA02913,OSP-20260616-25-SUBSCRIPTION-AUDIT-SAVINGS-STARTER,https://jaxassistant55.github.io/jax-micro-offer-studio/base-usdc-direct-checkout.html#standalone-subscription-audit-savings-starter,https://jaxassistant55.github.io/subscription-audit-savings-starter/,https://github.com/jaxassistant55/subscription-audit-savings-starter/issues/new?template=ready-to-pay-subscription-audit-savings-starter.yml,https://github.com/jaxassistant55/subscription-audit-savings-starter/issues/1,https://jaxassistant55.github.io/jax-micro-offer-studio/base-usdc-payment-route.html,https://jaxassistant55.github.io/jax-micro-offer-studio/base_usdc_payment_monitor.csv,https://jaxassistant55.github.io/jax-micro-offer-studio/proof-monitor.html,direct_base_usdc_checkout_instructions_ready_no_payment_confirmed,0,"Count $0 unless a real buyer accepts scope, sends the listed native Base USDC amount, the on-chain transfer is matched to the buyer/order, and there is no refund or dispute."
2026-07-05 13:57:49 JST,BUSDC-OSP-20260616-26-SUBSCRIPTION-AUDIT-AND-SAVINGS-PREP-PACK,26,OSP-20260616-26-SUBSCRIPTION-AUDIT-AND-SAVINGS-PREP-PACK,central-subscription-audit-and-savings-prep-pack,Subscription Audit and Savings Prep Pack,$100,100.00,100.00,Base mainnet,USDC,0x1D3A2aeFC9848847cA938e59A66b0218e0771C5b,0x833589fCD6eDb6E08f4c7C32D4f71b54bdA02913,OSP-20260616-26-SUBSCRIPTION-AUDIT-AND-SAVINGS-PREP-PACK,https://jaxassistant55.github.io/jax-micro-offer-studio/base-usdc-direct-checkout.html#central-subscription-audit-and-savings-prep-pack,https://jaxassistant55.github.io/jax-micro-offer-studio/subscription-audit-and-savings-prep-pack.html,https://github.com/jaxassistant55/subscription-audit-savings-starter/issues/new?template=ready-to-pay-subscription-audit-savings-starter.yml,https://github.com/jaxassistant55/subscription-audit-savings-starter/issues/1,https://jaxassistant55.github.io/jax-micro-offer-studio/base-usdc-payment-route.html,https://jaxassistant55.github.io/jax-micro-offer-studio/base_usdc_payment_monitor.csv,https://jaxassistant55.github.io/jax-micro-offer-studio/proof-monitor.html,direct_base_usdc_checkout_instructions_ready_no_payment_confirmed,0,"Count $0 unless a real buyer accepts scope, sends the listed native Base USDC amount, the on-chain transfer is matched to the buyer/order, and there is no refund or dispute."
2026-07-05 13:57:49 JST,BUSDC-OSP-20260616-27-TRANSLATION-LOCALIZATION-DRAFT-STARTER,27,OSP-20260616-27-TRANSLATION-LOCALIZATION-DRAFT-STARTER,standalone-translation-localization-draft-starter,Translation Localization Draft Starter,$100,100.00,100.00,Base mainnet,USDC,0x1D3A2aeFC9848847cA938e59A66b0218e0771C5b,0x833589fCD6eDb6E08f4c7C32D4f71b54bdA02913,OSP-20260616-27-TRANSLATION-LOCALIZATION-DRAFT-STARTER,https://jaxassistant55.github.io/jax-micro-offer-studio/base-usdc-direct-checkout.html#standalone-translation-localization-draft-starter,https://jaxassistant55.github.io/translation-localization-draft-starter/,https://github.com/jaxassistant55/translation-localization-draft-starter/issues/new?template=ready-to-pay-translation-localization-draft-starter.yml,https://github.com/jaxassistant55/translation-localization-draft-starter/issues/1,https://jaxassistant55.github.io/jax-micro-offer-studio/base-usdc-payment-route.html,https://jaxassistant55.github.io/jax-micro-offer-studio/base_usdc_payment_monitor.csv,https://jaxassistant55.github.io/jax-micro-offer-studio/proof-monitor.html,direct_base_usdc_checkout_instructions_ready_no_payment_confirmed,0,"Count $0 unless a real buyer accepts scope, sends the listed native Base USDC amount, the on-chain transfer is matched to the buyer/order, and there is no refund or dispute."
2026-07-05 13:57:49 JST,BUSDC-OSP-20260616-28-TRANSLATION-AND-LOCALIZATION-DRAFT-PACK,28,OSP-20260616-28-TRANSLATION-AND-LOCALIZATION-DRAFT-PACK,central-translation-and-localization-draft-pack,Translation and Localization Draft Pack,$100,100.00,100.00,Base mainnet,USDC,0x1D3A2aeFC9848847cA938e59A66b0218e0771C5b,0x833589fCD6eDb6E08f4c7C32D4f71b54bdA02913,OSP-20260616-28-TRANSLATION-AND-LOCALIZATION-DRAFT-PACK,https://jaxassistant55.github.io/jax-micro-offer-studio/base-usdc-direct-checkout.html#central-translation-and-localization-draft-pack,https://jaxassistant55.github.io/jax-micro-offer-studio/translation-and-localization-draft-pack.html,https://github.com/jaxassistant55/translation-localization-draft-starter/issues/new?template=ready-to-pay-translation-localization-draft-starter.yml,https://github.com/jaxassistant55/translation-localization-draft-starter/issues/1,https://jaxassistant55.github.io/jax-micro-offer-studio/base-usdc-payment-route.html,https://jaxassistant55.github.io/jax-micro-offer-studio/base_usdc_payment_monitor.csv,https://jaxassistant55.github.io/jax-micro-offer-studio/proof-monitor.html,direct_base_usdc_checkout_instructions_ready_no_payment_confirmed,0,"Count $0 unless a real buyer accepts scope, sends the listed native Base USDC amount, the on-chain transfer is matched to the buyer/order, and there is no refund or dispute."
2026-07-05 13:57:49 JST,BUSDC-OSP-20260616-29-LOCAL-SEO-GBP-AUDIT-STARTER,29,OSP-20260616-29-LOCAL-SEO-GBP-AUDIT-STARTER,standalone-local-seo-gbp-audit-starter,Local SEO GBP Audit Starter,$175,175.00,175.00,Base mainnet,USDC,0x1D3A2aeFC9848847cA938e59A66b0218e0771C5b,0x833589fCD6eDb6E08f4c7C32D4f71b54bdA02913,OSP-20260616-29-LOCAL-SEO-GBP-AUDIT-STARTER,https://jaxassistant55.github.io/jax-micro-offer-studio/base-usdc-direct-checkout.html#standalone-local-seo-gbp-audit-starter,https://jaxassistant55.github.io/local-seo-gbp-audit-starter/,https://github.com/jaxassistant55/local-seo-gbp-audit-starter/issues/new?template=ready-to-pay-local-seo-gbp-audit.yml,https://github.com/jaxassistant55/local-seo-gbp-audit-starter/issues/1,https://jaxassistant55.github.io/jax-micro-offer-studio/base-usdc-payment-route.html,https://jaxassistant55.github.io/jax-micro-offer-studio/base_usdc_payment_monitor.csv,https://jaxassistant55.github.io/jax-micro-offer-studio/proof-monitor.html,direct_base_usdc_checkout_instructions_ready_no_payment_confirmed,0,"Count $0 unless a real buyer accepts scope, sends the listed native Base USDC amount, the on-chain transfer is matched to the buyer/order, and there is no refund or dispute."
2026-07-05 13:57:49 JST,BUSDC-OSP-20260616-30-LOCAL-SEO-GBP-AUDIT-STARTER,30,OSP-20260616-30-LOCAL-SEO-GBP-AUDIT-STARTER,hot-download-local-seo-gbp-audit-starter,Local SEO GBP Audit Starter,$175,175.00,175.00,Base mainnet,USDC,0x1D3A2aeFC9848847cA938e59A66b0218e0771C5b,0x833589fCD6eDb6E08f4c7C32D4f71b54bdA02913,OSP-20260616-30-LOCAL-SEO-GBP-AUDIT-STARTER,https://jaxassistant55.github.io/jax-micro-offer-studio/base-usdc-direct-checkout.html#hot-download-local-seo-gbp-audit-starter,https://jaxassistant55.github.io/jax-micro-offer-studio/hot-download-close-local-seo-gbp-audit-starter.html,https://github.com/jaxassistant55/local-seo-gbp-audit-starter/issues/new?template=ready-to-pay-local-seo-gbp-audit.yml,https://github.com/jaxassistant55/local-seo-gbp-audit-starter/issues/1,https://jaxassistant55.github.io/jax-micro-offer-studio/base-usdc-payment-route.html,https://jaxassistant55.github.io/jax-micro-offer-studio/base_usdc_payment_monitor.csv,https://jaxassistant55.github.io/jax-micro-offer-studio/proof-monitor.html,direct_base_usdc_checkout_instructions_ready_no_payment_confirmed,0,"Count $0 unless a real buyer accepts scope, sends the listed native Base USDC amount, the on-chain transfer is matched to the buyer/order, and there is no refund or dispute."
2026-07-05 13:57:49 JST,BUSDC-OSP-20260616-31-PDF-TABLE-EXTRACTION-STARTER,31,OSP-20260616-31-PDF-TABLE-EXTRACTION-STARTER,standalone-pdf-table-extraction-starter,PDF Table Extraction Starter,$125,125.00,125.00,Base mainnet,USDC,0x1D3A2aeFC9848847cA938e59A66b0218e0771C5b,0x833589fCD6eDb6E08f4c7C32D4f71b54bdA02913,OSP-20260616-31-PDF-TABLE-EXTRACTION-STARTER,https://jaxassistant55.github.io/jax-micro-offer-studio/base-usdc-direct-checkout.html#standalone-pdf-table-extraction-starter,https://jaxassistant55.github.io/pdf-table-extraction-starter/,https://github.com/jaxassistant55/pdf-table-extraction-starter/issues/new?template=ready-to-pay-pdf-table-extraction.yml,https://github.com/jaxassistant55/pdf-table-extraction-starter/issues/1,https://jaxassistant55.github.io/jax-micro-offer-studio/base-usdc-payment-route.html,https://jaxassistant55.github.io/jax-micro-offer-studio/base_usdc_payment_monitor.csv,https://jaxassistant55.github.io/jax-micro-offer-studio/proof-monitor.html,direct_base_usdc_checkout_instructions_ready_no_payment_confirmed,0,"Count $0 unless a real buyer accepts scope, sends the listed native Base USDC amount, the on-chain transfer is matched to the buyer/order, and there is no refund or dispute."
2026-07-05 13:57:49 JST,BUSDC-OSP-20260616-32-PDF-TABLE-EXTRACTION-STARTER,32,OSP-20260616-32-PDF-TABLE-EXTRACTION-STARTER,hot-download-pdf-table-extraction-starter,PDF Table Extraction Starter,$125,125.00,125.00,Base mainnet,USDC,0x1D3A2aeFC9848847cA938e59A66b0218e0771C5b,0x833589fCD6eDb6E08f4c7C32D4f71b54bdA02913,OSP-20260616-32-PDF-TABLE-EXTRACTION-STARTER,https://jaxassistant55.github.io/jax-micro-offer-studio/base-usdc-direct-checkout.html#hot-download-pdf-table-extraction-starter,https://jaxassistant55.github.io/jax-micro-offer-studio/hot-download-close-pdf-table-extraction-starter.html,https://github.com/jaxassistant55/pdf-table-extraction-starter/issues/new?template=ready-to-pay-pdf-table-extraction.yml,https://github.com/jaxassistant55/pdf-table-extraction-starter/issues/1,https://jaxassistant55.github.io/jax-micro-offer-studio/base-usdc-payment-route.html,https://jaxassistant55.github.io/jax-micro-offer-studio/base_usdc_payment_monitor.csv,https://jaxassistant55.github.io/jax-micro-offer-studio/proof-monitor.html,direct_base_usdc_checkout_instructions_ready_no_payment_confirmed,0,"Count $0 unless a real buyer accepts scope, sends the listed native Base USDC amount, the on-chain transfer is matched to the buyer/order, and there is no refund or dispute."
2026-07-05 13:57:49 JST,BUSDC-OSP-20260616-33-FIRST-100-FAST-START,33,OSP-20260616-33-FIRST-100-FAST-START,central-first-100-fast-start,First $100 Fast Start,$100,100.00,100.00,Base mainnet,USDC,0x1D3A2aeFC9848847cA938e59A66b0218e0771C5b,0x833589fCD6eDb6E08f4c7C32D4f71b54bdA02913,OSP-20260616-33-FIRST-100-FAST-START,https://jaxassistant55.github.io/jax-micro-offer-studio/base-usdc-direct-checkout.html#central-first-100-fast-start,https://jaxassistant55.github.io/jax-micro-offer-studio/first-100-fast-start.html,https://github.com/jaxassistant55/jax-micro-offer-studio/issues/new?template=first-100-fast-start.yml,https://github.com/jaxassistant55/jax-micro-offer-studio/issues/24,https://jaxassistant55.github.io/jax-micro-offer-studio/base-usdc-payment-route.html,https://jaxassistant55.github.io/jax-micro-offer-studio/base_usdc_payment_monitor.csv,https://jaxassistant55.github.io/jax-micro-offer-studio/proof-monitor.html,direct_base_usdc_checkout_instructions_ready_no_payment_confirmed,0,"Count $0 unless a real buyer accepts scope, sends the listed native Base USDC amount, the on-chain transfer is matched to the buyer/order, and there is no refund or dispute."
2026-07-05 13:57:49 JST,BUSDC-OSP-20260616-34-FIRST-100-PRODUCT-BUNDLE,34,OSP-20260616-34-FIRST-100-PRODUCT-BUNDLE,central-first-100-product-bundle,First $100 Product Bundle,$100,100.00,100.00,Base mainnet,USDC,0x1D3A2aeFC9848847cA938e59A66b0218e0771C5b,0x833589fCD6eDb6E08f4c7C32D4f71b54bdA02913,OSP-20260616-34-FIRST-100-PRODUCT-BUNDLE,https://jaxassistant55.github.io/jax-micro-offer-studio/base-usdc-direct-checkout.html#central-first-100-product-bundle,https://jaxassistant55.github.io/jax-micro-offer-studio/first-100-product-bundle.html,https://github.com/jaxassistant55/jax-micro-offer-studio/issues/new?template=first-100-product-bundle.yml,https://github.com/jaxassistant55/jax-micro-offer-studio/issues/25,https://jaxassistant55.github.io/jax-micro-offer-studio/base-usdc-payment-route.html,https://jaxassistant55.github.io/jax-micro-offer-studio/base_usdc_payment_monitor.csv,https://jaxassistant55.github.io/jax-micro-offer-studio/proof-monitor.html,direct_base_usdc_checkout_instructions_ready_no_payment_confirmed,0,"Count $0 unless a real buyer accepts scope, sends the listed native Base USDC amount, the on-chain transfer is matched to the buyer/order, and there is no refund or dispute."
